City_ID,City,Latitude,Longitude,Max Temperature,Humidity,Cloudiness,Wind Speed,Country,Date
0,rikitea,-23.1203,-134.9692,79.7,75,6,12.88,PF,1675303478
1,port elizabeth,-33.918,25.5701,67.32,84,0,9.22,ZA,1675303478
2,shepsi,44.0361,39.1489,39.63,92,100,9.89,RU,1675303478
3,bluff,-46.6,168.3333,68.16,80,77,11.21,NZ,1675303479
4,gunjur,13.2019,-16.7339,69.87,56,0,10.36,GM,1675303479
5,kapaa,22.0752,-159.319,79.12,74,54,4.0,US,1675303275
6,cidreira,-30.1811,-50.2056,75.22,90,1,6.8,BR,1675303480
7,barrow,71.2906,-156.7887,-7.58,77,0,20.71,US,1675303480
8,kavieng,-2.5744,150.7967,85.66,61,100,8.19,PG,1675303241
9,olafsvik,64.8945,-23.7142,32.02,65,100,21.9,IS,1675303280
10,albany,42.6001,-73.9662,21.22,63,11,6.26,US,1675303396
11,atuona,-9.8,-139.0333,78.67,79,100,15.37,PF,1675303480
12,avarua,-21.2078,-159.775,73.45,94,100,3.44,CK,1675303481
13,ushuaia,-54.8,-68.3,55.06,71,75,10.36,AR,1675303229
14,thompson,55.7435,-97.8558,-20.04,69,20,13.8,CA,1675303481
15,pisco,-13.7,-76.2167,73.45,83,20,14.97,PE,1675303482
16,alice springs,-23.7,133.8833,80.15,34,0,9.22,AU,1675303357
17,busselton,-33.65,115.3333,72.3,42,96,15.84,AU,1675303482
18,jinchang,38.4953,102.1739,25.95,33,100,1.99,CN,1675303483
19,cape town,-33.9258,18.4232,65.1,73,20,16.11,ZA,1675303217
20,nelson bay,-32.7167,152.15,88.09,74,42,15.99,AU,1675303237
21,bredasdorp,-34.5322,20.0403,63.54,80,14,3.51,ZA,1675303483
22,chuy,-33.6971,-53.4616,71.22,78,34,8.81,UY,1675303357
23,butaritari,3.0707,172.7902,80.28,79,100,19.53,KI,1675303484
24,puerto ayora,-0.7393,-90.3518,77.56,95,81,1.99,EC,1675303184
25,contamana,-7.3333,-75.0167,77.5,73,99,2.68,PE,1675303484
26,cairns,-16.9167,145.7667,93.15,62,70,4.61,AU,1675303361
27,ponta do sol,32.6667,-17.1,63.23,63,54,10.47,PT,1675303484
28,dunedin,-45.8742,170.5036,70.81,79,97,4.0,NZ,1675303233
29,hobart,-42.8794,147.3294,67.26,47,75,16.11,AU,1675303309
30,nikolskoye,59.7035,30.7861,30.09,96,100,6.38,RU,1675303251
31,olinda,-8.0089,-34.8553,82.13,69,40,5.75,BR,1675303312
32,tuktoyaktuk,69.4541,-133.0374,-34.6,67,75,4.61,CA,1675303485
33,tambopata,-12.7333,-69.1833,72.07,99,95,1.5,PE,1675303234
34,jamestown,42.097,-79.2353,18.99,80,0,8.05,US,1675303486
35,yar-sale,66.8333,70.8333,8.91,96,100,9.93,RU,1675303486
36,warri,5.5167,5.75,78.37,84,5,3.15,NG,1675303218
37,pacifica,37.6138,-122.4869,54.28,61,40,3.44,US,1675303486
38,lexington,37.9887,-84.4777,30.2,80,0,5.75,US,1675303357
39,vallenar,-28.5708,-70.7581,72.68,50,0,3.0,CL,1675303487
40,havoysund,70.9963,24.6622,28.63,64,100,5.79,NO,1675303487
41,leningradskiy,69.3833,178.4167,-9.69,99,79,5.75,RU,1675303488
42,san angelo,31.4638,-100.437,30.54,91,100,4.61,US,1675303488
43,bom despacho,-19.7364,-45.2522,69.94,77,100,2.8,BR,1675303278
44,gat,31.61,34.7642,53.08,100,100,15.19,IL,1675303442
45,qaanaaq,77.484,-69.3632,-9.6,64,0,8.43,GL,1675303489
46,kloulklubed,7.0419,134.2556,82.9,74,100,21.85,PW,1675303489
47,mukhen,48.1,136.1,1.69,79,94,8.63,RU,1675303489
48,namatanai,-3.6667,152.4333,85.82,60,77,4.83,PG,1675303490
49,marawi,7.9986,124.2928,77.59,71,100,4.18,PH,1675303490
50,narsaq,60.9167,-46.05,17.82,92,100,4.59,GL,1675303227
51,saskylakh,71.9167,114.0833,-12.23,98,100,7.14,RU,1675303199
52,mar del plata,-38.0023,-57.5575,71.1,81,100,10.36,AR,1675303367
53,carnduff,49.1667,-101.8009,9.37,92,100,9.62,CA,1675303490
54,jalu,29.0331,21.5482,50.02,65,0,8.21,LY,1675303491
55,vao,-22.6667,167.4833,80.04,77,23,6.44,NC,1675303369
56,ahtopol,42.1,27.95,40.59,65,71,8.86,BG,1675303491
57,beringovskiy,63.05,179.3167,21.65,96,100,9.01,RU,1675303492
58,nemuro,43.3236,145.575,24.17,67,99,31.63,JP,1675303492
59,punta arenas,-53.15,-70.9167,57.31,58,75,11.5,CL,1675303307
60,alyangula,-13.8483,136.4192,86.07,71,100,9.15,AU,1675303492
61,natal,-5.795,-35.2094,80.82,74,40,9.22,BR,1675303215
62,palmer,42.1584,-72.3287,25.63,58,0,5.75,US,1675303337
63,san patricio,28.017,-97.5169,39.07,89,100,12.12,US,1675303493
64,komsomolskiy,40.4272,71.7189,30.92,74,100,4.61,UZ,1675303493
65,omboue,-1.5746,9.2618,77.5,92,89,4.99,GA,1675303494
66,pavullo nel frignano,44.3315,10.835,39.74,87,3,6.91,IT,1675303494
67,saint-philippe,-21.3585,55.7679,74.79,83,13,6.6,RE,1675303494
68,vaini,-21.2,-175.2,86.16,70,75,14.97,TO,1675303495
69,dolores,-36.3132,-57.6792,65.93,91,100,6.15,AR,1675303495
70,puerto escondido,15.85,-97.0667,79.63,69,0,0.0,MX,1675303387
71,fort nelson,58.8053,-122.7002,-8.01,71,20,9.22,CA,1675303495
72,khingansk,49.1167,131.1833,-6.32,86,53,9.57,RU,1675303496
73,houma,29.5958,-90.7195,61.0,89,100,4.0,US,1675303496
74,lagoa,39.05,-27.9833,56.62,70,4,7.07,PT,1675303433
75,hilo,19.7297,-155.09,80.28,95,100,4.0,US,1675303260
76,east london,-33.0153,27.9116,69.37,83,16,12.8,ZA,1675303497
77,codrington,-38.2667,141.9667,55.11,89,100,19.77,AU,1675303497
78,port hardy,50.6996,-127.4199,41.18,93,100,23.02,CA,1675303223
79,hasaki,35.7333,140.8333,45.0,39,100,15.32,JP,1675303456
80,puerto del rosario,28.5004,-13.8627,64.15,55,0,23.02,ES,1675303498
81,nhulunbuy,-12.2333,136.7667,83.01,74,75,20.71,AU,1675303498
82,cap malheureux,-19.9842,57.6142,75.47,84,4,1.99,MU,1675303498
83,zelezniki,46.2333,14.1667,35.28,93,9,4.16,SI,1675303499
84,burnie,-41.0667,145.9167,55.94,97,100,23.8,AU,1675303499
85,santarem,-2.4431,-54.7083,75.33,94,40,5.75,BR,1675303499
86,bandarbeyla,9.4942,50.8122,74.39,66,4,15.19,SO,1675303500
87,castro,-24.7911,-50.0119,63.23,95,57,2.39,BR,1675303500
88,dingle,10.9995,122.6711,82.18,77,56,13.82,PH,1675303501
89,pobe,6.9801,2.6649,73.35,95,1,3.51,BJ,1675303501
90,hermanus,-34.4187,19.2345,63.81,83,10,6.2,ZA,1675303501
91,broome,42.2506,-75.833,22.66,70,0,6.91,US,1675303502
92,bilibino,68.0546,166.4372,-2.63,100,100,3.0,RU,1675303305
93,ribeira grande,38.5167,-28.7,52.77,80,20,10.0,PT,1675303503
94,chone,-0.6833,-80.1,73.96,96,69,3.42,EC,1675303329
95,ossora,59.2353,163.0719,17.17,81,100,5.57,RU,1675303504
96,almunecar,36.7339,-3.6907,46.22,73,0,3.83,ES,1675303505
97,pangnirtung,66.1451,-65.7125,-21.26,77,100,2.64,CA,1675303505
98,georgetown,5.4112,100.3354,80.53,87,20,5.75,MY,1675303391
99,merrill,45.1805,-89.6835,16.75,62,100,0.0,US,1675303254
100,westport,41.1415,-73.3579,32.83,49,0,9.22,US,1675303507
101,nome,64.5011,-165.4064,21.27,86,100,9.22,US,1675303509
102,mataura,-46.1927,168.8643,75.47,66,100,4.09,NZ,1675303510
103,tiksi,71.6872,128.8694,-16.65,99,100,8.23,RU,1675303510
104,chokurdakh,70.6333,147.9167,-10.3,98,100,3.74,RU,1675303511
105,pimenta bueno,-11.6725,-61.1936,72.37,93,100,1.92,BR,1675303511
106,bubaque,11.2833,-15.8333,77.68,60,1,14.45,GW,1675303428
107,srandakan,-7.9386,110.2506,77.85,83,100,2.62,ID,1675303512
108,papetoai,-17.4961,-149.8729,87.39,71,5,16.46,PF,1675303513
109,suoyarvi,62.0833,32.35,12.96,100,100,2.89,RU,1675303513
110,kyren,51.6828,102.1408,5.65,84,23,0.78,RU,1675303513
111,cockburn town,21.4612,-71.1419,77.63,71,0,20.47,TC,1675303514
112,asau,46.4333,26.4,29.32,87,97,8.48,RO,1675303515
113,paamiut,61.994,-49.6678,11.39,78,94,7.54,GL,1675303285
114,arraial do cabo,-22.9661,-42.0278,78.66,78,20,10.36,BR,1675303243
115,panzhihua,26.5851,101.7128,60.98,41,9,1.23,CN,1675303237
116,karasburg,-28.0167,18.75,65.7,43,0,6.8,NA,1675303517
117,talara,-4.5772,-81.2719,79.56,69,40,4.61,PE,1675303310
118,trofors,65.5333,13.4063,13.87,95,100,2.26,NO,1675303518
119,pevek,69.7008,170.3133,-7.55,95,23,1.48,RU,1675303519
120,alakurtti,66.9672,30.3491,13.28,98,100,1.16,RU,1675303520
121,hofn,64.2539,-15.2082,27.68,75,92,11.05,IS,1675303521
122,excelsior springs,39.3392,-94.2261,33.49,41,0,3.44,US,1675303522
123,namibe,-15.1961,12.1522,71.13,81,100,4.68,AO,1675303522
124,new norfolk,-42.7826,147.0587,68.92,41,98,5.99,AU,1675303523
125,hay river,60.8156,-115.7999,-20.22,76,0,5.75,CA,1675303473
126,airai,-8.9266,125.4092,69.03,80,97,3.42,TL,1675303523
127,portland,45.5234,-122.6762,44.04,64,40,8.05,US,1675303523
128,isangel,-19.55,169.2667,84.04,74,98,6.15,VU,1675303388
129,hithadhoo,-0.6,73.0833,80.42,77,43,9.17,MV,1675303524
130,aktash,50.3,87.7333,-6.25,90,12,4.23,RU,1675303525
131,chara,56.9064,118.2631,-10.44,80,40,1.63,RU,1675303525
132,kahului,20.8947,-156.47,79.97,80,20,5.75,US,1675303526
133,kongolo,-5.3833,27.0,66.58,98,20,2.42,CD,1675303526
134,tasiilaq,65.6145,-37.6368,19.56,79,100,20.87,GL,1675303526
135,hervey bay,-25.2986,152.8535,81.9,79,19,5.03,AU,1675303527
136,beaver falls,40.752,-80.3192,24.75,67,0,5.75,US,1675303527
137,antalaha,-14.9003,50.2788,74.98,91,52,7.05,MG,1675303527
138,carnarvon,-24.8667,113.6333,86.95,57,43,10.71,AU,1675303256
139,luderitz,-26.6481,15.1594,62.78,78,45,18.32,NA,1675303529
140,port alfred,-33.5906,26.891,63.18,92,0,10.56,ZA,1675303529
141,iqaluit,63.7506,-68.5145,-25.87,62,75,2.3,CA,1675303343
142,nishihara,26.1842,127.7558,69.85,78,75,6.91,JP,1675303530
143,cosambesti,44.5593,27.4344,38.89,90,96,5.39,RO,1675303530
144,rivera,-30.9053,-55.5508,82.15,41,91,14.47,UY,1675303376
145,tual,-5.6667,132.75,83.37,75,100,9.86,ID,1675303531
146,korla,41.7597,86.1469,18.79,79,8,2.93,CN,1675303359
147,lavrentiya,65.5833,-171.0,15.04,94,100,6.58,RU,1675303531
148,sao filipe,14.8961,-24.4956,70.99,72,53,10.76,CV,1675303532
149,svetlogorsk,52.6333,29.7333,32.61,97,100,10.8,BY,1675303532
150,saint george,37.1041,-113.5841,44.94,34,0,1.01,US,1675303363
151,axim,4.8699,-2.2405,78.01,91,0,4.47,GH,1675303533
152,hamilton,39.1834,-84.5333,29.08,60,0,4.61,US,1675303508
153,kodiak,57.79,-152.4072,35.11,75,0,5.75,US,1675303533
154,pacific grove,36.6177,-121.9166,54.25,77,0,8.01,US,1675303533
155,necochea,-38.5473,-58.7368,63.48,81,100,7.58,AR,1675303534
156,torello,42.0463,2.2668,41.2,42,0,3.53,ES,1675303534
157,longyearbyen,78.2186,15.6401,12.04,67,20,17.27,SJ,1675303534
158,gandai,21.6667,81.1,56.41,33,13,2.73,IN,1675303535
159,jiangyou,31.7667,104.7167,52.0,49,100,4.88,CN,1675303535
160,victoria,22.2855,114.1577,73.45,80,0,4.0,HK,1675303415
161,yellowknife,62.456,-114.3525,-33.45,74,20,2.3,CA,1675303535
162,carbonia,39.1672,8.5222,48.85,68,93,10.49,IT,1675303536
163,lebu,-37.6167,-73.65,57.18,82,0,23.51,CL,1675303364
164,bengkulu,-3.8004,102.2655,80.31,74,96,5.26,ID,1675303536
165,berlevag,70.8578,29.0864,28.35,74,20,6.91,NO,1675303537
166,horta,38.5333,-28.6333,52.02,80,40,10.0,PT,1675303537
167,bacolod,10.6667,122.95,83.8,70,11,12.08,PH,1675303537
168,luba,3.4568,8.5547,76.89,80,6,6.58,GQ,1675303538
169,dali,25.7,100.1833,55.99,44,44,3.62,CN,1675303538
170,belyy yar,53.6039,91.3903,-2.31,92,100,2.24,RU,1675303538
171,central point,42.376,-122.9164,46.53,50,0,3.44,US,1675303469
172,yerbogachen,61.2767,108.0108,-12.06,99,82,5.95,RU,1675303539
173,libreville,0.3925,9.4537,80.62,83,40,4.61,GA,1675303332
174,saint-joseph,-21.3667,55.6167,73.78,80,16,6.55,RE,1675303539
175,ouesso,1.6136,16.0517,73.81,74,92,2.42,CG,1675303540
176,batagay,67.6333,134.6333,-27.24,97,99,0.67,RU,1675303479
177,valdivia,-39.8142,-73.2459,59.09,64,4,3.65,CL,1675303540
178,andra,62.5147,65.8878,4.53,99,70,4.43,RU,1675303541
179,tessalit,20.1986,1.0114,63.64,14,87,7.67,ML,1675303541
180,freeport,40.6576,-73.5832,34.02,45,0,12.66,US,1675303399
181,dikson,73.5069,80.5464,-5.1,93,97,8.05,RU,1675303541
182,maragogi,-9.0122,-35.2225,77.77,80,15,4.83,BR,1675303542
183,taywarah,33.35,64.4167,23.79,95,93,5.03,AF,1675303542
184,alihe,50.5667,123.7167,0.25,74,8,3.71,CN,1675303542
185,coquimbo,-29.9533,-71.3436,64.13,82,0,2.3,CL,1675303336
186,sitka,57.0531,-135.33,42.69,70,100,6.91,US,1675303543
187,baracoa,20.3467,-74.4958,75.9,81,54,13.8,CU,1675303543
188,saint-francois,46.4154,3.9054,40.44,75,0,2.3,FR,1675303407
189,vanatori,45.7333,27.25,28.11,88,100,3.09,RO,1675303544
190,saint-paul,-21.0096,55.2707,75.31,79,27,2.86,RE,1675303544
191,zhangjiakou,40.81,114.8794,18.3,24,100,1.34,CN,1675303544
192,cherskiy,68.75,161.3,-5.13,98,98,3.6,RU,1675303545
193,ostrovnoy,68.0531,39.5131,16.9,92,49,20.47,RU,1675303545
194,kyra,49.5776,111.9753,0.66,78,23,3.06,RU,1675303545
195,tshikapa,-6.4167,20.8,69.17,89,97,1.88,CD,1675303545
196,lubango,-14.9172,13.4925,58.55,91,100,1.21,AO,1675303546
197,xining,36.6167,101.7667,23.58,43,46,1.14,CN,1675303546
198,capaci,38.1711,13.2393,53.2,74,40,9.22,IT,1675303546
199,kendari,-3.945,122.4989,84.83,71,100,3.11,ID,1675303547
200,kaitangata,-46.2817,169.8464,72.09,70,80,4.88,NZ,1675303261
201,matara,5.9485,80.5353,75.34,82,100,3.56,LK,1675303547
202,nadym,65.5333,72.5167,8.13,96,36,9.8,RU,1675303548
203,tabou,4.423,-7.3528,79.02,88,5,6.11,CI,1675303548
204,hendek,40.7994,30.7481,32.68,88,99,6.78,TR,1675303548
205,laguna,38.421,-121.4238,52.09,59,75,3.44,US,1675303549
206,ponta delgada,37.7333,-25.6667,52.52,76,20,6.91,PT,1675303378
207,yurgamysh,55.3714,64.4656,-1.32,96,86,5.12,RU,1675303549
208,bonthe,7.5264,-12.505,76.68,87,0,2.93,SL,1675303398
209,arrecife,28.963,-13.5477,64.38,63,20,18.41,ES,1675303550
210,mehamn,71.0357,27.8492,28.31,93,100,4.61,NO,1675303550
211,ahipara,-35.1667,173.1667,75.45,66,100,7.87,NZ,1675303550
212,imuris,30.7833,-110.8667,50.68,62,28,6.6,MX,1675303551
213,torbay,47.6666,-52.7314,9.27,81,0,5.75,CA,1675303551
214,bayji,34.9311,43.487,50.41,73,67,12.71,IQ,1675303551
215,solnechnyy,50.7214,136.6319,-3.35,91,87,2.33,RU,1675303552
216,talnakh,69.4865,88.3972,7.21,96,100,8.32,RU,1675303552
217,cayenne,4.9333,-52.3333,73.44,100,100,0.0,GF,1675303552
218,peace river,56.2501,-117.286,-7.29,64,75,3.44,CA,1675303531
219,karratha,-20.7377,116.8463,90.99,52,37,8.97,AU,1675303553
220,broken hill,-31.95,141.4333,72.72,41,2,16.73,AU,1675303427
221,dawei,14.0833,98.2,79.56,44,57,1.5,MM,1675303553
222,faanui,-16.4833,-151.75,82.13,74,62,17.98,PF,1675303554
223,saint pete beach,27.7253,-82.7412,72.25,85,40,4.61,US,1675303554
224,deer lake,49.1667,-57.4316,-4.14,84,40,0.0,CA,1675303554
225,yar,58.249,52.1026,1.42,96,100,4.56,RU,1675303555
226,vila,42.0304,-8.1588,34.68,86,0,4.16,PT,1675303555
227,moose factory,51.2585,-80.6094,-13.0,77,100,4.61,CA,1675303556
228,dzilam gonzalez,21.2833,-88.9333,73.45,79,2,5.55,MX,1675303556
229,baruun-urt,46.6806,113.2792,-2.13,86,4,7.43,MN,1675303556
230,praia da vitoria,38.7333,-27.0667,54.75,100,20,2.86,PT,1675303558
231,galle,6.0367,80.217,76.06,83,99,9.73,LK,1675303558
232,ayabe,35.3,135.25,36.48,65,100,11.32,JP,1675303558
233,sur,22.5667,59.5289,65.05,72,3,5.32,OM,1675303559
234,fairbanks,64.8378,-147.7164,12.81,83,100,5.75,US,1675303498
235,bambous virieux,-20.3428,57.7575,77.25,88,75,3.44,MU,1675303559
236,faranah,10.0404,-10.7434,74.14,19,0,3.18,GN,1675303560
237,lixourion,38.2019,20.4314,50.45,62,5,8.34,GR,1675303560
238,hambantota,6.1241,81.1185,75.54,100,40,4.61,LK,1675303560
239,tres lagoas,-20.7511,-51.6783,74.98,80,93,2.71,BR,1675303414
240,north battleford,52.7834,-108.2847,-7.51,64,75,12.66,CA,1675303561
241,kalmunai,7.4167,81.8167,77.07,89,90,7.43,LK,1675303561
242,romans-sur-isere,45.0464,5.0562,42.85,76,54,10.67,FR,1675303561
243,vila do maio,15.1333,-23.2167,68.79,75,68,19.95,CV,1675303562
244,zyryanka,65.75,150.85,-24.38,97,93,5.19,RU,1675303312
245,severo-kurilsk,50.6789,156.125,23.74,62,44,5.97,RU,1675303563
246,mount isa,-20.7333,139.5,73.17,94,100,5.75,AU,1675303563
247,khatanga,71.9667,102.5,-22.47,95,100,6.29,RU,1675303564
248,manga,11.6636,-1.0731,76.59,10,98,8.43,BF,1675303564
249,mahajanga,-15.7167,46.3167,71.62,100,75,11.5,MG,1675303564
250,rongcheng,30.634,117.8517,41.52,61,72,10.65,CN,1675303457
251,ilesha,7.1371,5.2583,72.5,99,27,2.48,NG,1675303566
252,sydney,-33.8679,151.2073,90.34,67,40,17.27,AU,1675303513
253,nizhniy odes,63.6445,54.856,17.49,97,71,6.58,RU,1675303566
254,oranjestad,12.524,-70.027,77.92,85,75,12.66,AW,1675303457
255,shelburne,44.0787,-80.2041,16.59,91,95,13.56,CA,1675303567
256,assiniboia,49.6334,-105.9845,6.62,78,100,21.85,CA,1675303286
257,beni mazar,28.4962,30.8029,48.52,64,1,6.2,EG,1675303568
258,impfondo,1.6381,18.0667,71.01,79,57,3.11,CG,1675303568
259,cabo san lucas,22.8909,-109.9124,67.6,73,0,4.61,MX,1675303404
260,maniitsoq,65.4167,-52.9,3.72,79,30,9.31,GL,1675303569
261,rocha,-34.4833,-54.3333,67.95,81,100,6.04,UY,1675303569
262,logansport,40.7545,-86.3567,25.52,65,0,6.91,US,1675303443
263,madimba,-10.4,40.3333,75.52,90,69,3.96,TZ,1675303570
264,leh,34.1667,77.5833,7.88,67,95,0.89,IN,1675303570
265,carndonagh,55.25,-7.2667,49.21,89,100,17.52,IE,1675303571
266,powell river,49.8496,-124.5361,41.27,93,100,12.66,CA,1675303571
267,auki,-8.7676,160.7034,85.1,70,93,7.4,SB,1675303572
268,martapura,-3.4167,114.85,74.68,97,100,2.04,ID,1675303572
269,chapais,49.7834,-74.8492,1.18,94,100,6.49,CA,1675303411
270,tutoia,-2.7619,-42.2744,79.36,85,100,10.58,BR,1675303573
271,trat,12.5,102.5,82.87,50,100,1.57,TH,1675303506
272,rabo de peixe,37.8,-25.5833,51.31,76,20,6.91,PT,1675303573
273,hearst,49.6835,-83.6665,-7.35,96,80,5.79,CA,1675303574
274,lasalgaon,20.15,74.2333,62.49,44,63,5.95,IN,1675303575
275,mareeba,-17.0,145.4333,89.47,69,97,6.29,AU,1675303575
276,piacabucu,-10.4056,-36.4344,76.86,85,31,6.38,BR,1675303316
277,esna,25.2934,32.554,51.82,51,2,7.54,EG,1675303576
278,buala,-8.145,159.5921,83.82,75,100,5.91,SB,1675303576
279,meadow lake,34.8014,-106.5436,40.78,34,0,9.69,US,1675303577
280,salon,26.0333,81.45,48.81,66,5,7.29,IN,1675303577
281,sovetskiy,61.3614,63.5842,3.99,100,73,3.65,RU,1675303578
282,san luis,-33.295,-66.3356,65.14,90,40,14.5,AR,1675303578
283,willowmore,-33.2926,23.4895,59.85,75,4,4.32,ZA,1675303578
284,bud,39.447,-86.1758,26.82,64,68,2.37,US,1675303522
285,vila velha,-20.3297,-40.2925,76.95,89,40,8.05,BR,1675303413
286,atar,20.5169,-13.0499,68.2,11,100,4.88,MR,1675303579
287,presidente franco,-25.5333,-54.6167,79.56,78,0,3.44,PY,1675303580
288,katobu,-4.9408,122.5276,84.65,70,99,4.72,ID,1675303580
289,nantucket,41.2835,-70.0995,29.14,78,0,0.0,US,1675303581
290,sakakah,29.9697,40.2064,45.97,46,2,13.09,SA,1675303581
291,dukat,62.55,155.55,-7.2,96,77,1.83,RU,1675303581
292,kruisfontein,-34.0033,24.7314,58.89,76,31,6.11,ZA,1675303582
293,lipany,49.1538,20.9638,35.06,95,92,5.37,SK,1675303583
294,petropavlovsk-kamchatskiy,53.0452,158.6483,9.19,61,0,6.71,RU,1675303583
295,gorontalo,0.5412,123.0595,82.69,71,88,5.75,ID,1675303555
296,bathsheba,13.2167,-59.5167,75.81,73,20,8.05,BB,1675303491
297,mahon,39.8885,4.2658,45.16,93,20,4.61,ES,1675303584
298,muli,2.9167,73.5667,80.69,63,98,12.39,MV,1675303584
299,avera,33.194,-82.5271,59.56,85,100,7.27,US,1675303584
300,conop,46.1,21.8833,38.41,99,100,7.99,RO,1675303585
301,marsaxlokk,35.8419,14.5431,52.41,82,0,5.75,MT,1675303585
302,genhe,50.7833,121.5167,-9.78,91,58,2.95,CN,1675303586
303,mahebourg,-20.4081,57.7,77.29,88,75,3.44,MU,1675303586
304,nuuk,64.1835,-51.7216,9.88,66,3,5.99,GL,1675303586
305,hobbs,32.7026,-103.136,32.05,64,100,1.01,US,1675303537
306,jiexiu,37.0244,111.9125,33.67,31,100,2.33,CN,1675303587
307,corrente,-3.7367,-43.3394,71.64,99,100,2.62,BR,1675303587
308,terrace bay,48.7834,-87.1,1.44,90,45,10.98,CA,1675303588
309,mahibadhoo,3.7833,72.9667,79.16,70,100,11.72,MV,1675303588
310,beauceville,46.2179,-70.7787,9.5,85,100,1.14,CA,1675303588
311,sambava,-14.2667,50.1667,76.41,88,100,9.64,MG,1675303589
312,ocos,14.5094,-92.1933,73.58,66,6,5.75,GT,1675303589
313,ruteng,-8.6136,120.4721,71.17,80,100,1.63,ID,1675303589
314,kyshtovka,56.555,76.6271,-7.85,99,22,4.65,RU,1675303590
315,gondar,12.6,37.4667,57.52,30,100,5.12,ET,1675303590
316,nouadhibou,20.931,-17.0347,60.78,67,100,17.27,MR,1675303590
317,bentiu,9.2333,29.8333,76.87,21,5,7.9,SS,1675303591
318,le vauclin,14.5452,-60.8388,73.45,83,20,3.44,MQ,1675303591
319,chicama,-7.8447,-79.1469,70.34,67,40,3.65,PE,1675303592
320,port lincoln,-34.7333,135.8667,66.61,65,81,28.34,AU,1675303592
321,ballina,-28.8667,153.5667,87.01,76,56,10.25,AU,1675303592
322,palu,-0.8917,119.8707,82.22,84,100,2.37,ID,1675303364
323,kempele,64.9131,25.5034,23.13,100,100,5.75,FI,1675303593
324,jumla,29.2747,82.1838,37.09,16,0,6.55,NP,1675303593
325,pankovka,58.5,31.1999,25.21,94,100,7.9,RU,1675303594
326,tilichiki,60.4667,166.1,13.06,93,100,6.93,RU,1675303594
327,nabire,-3.3667,135.4833,84.06,71,81,3.96,ID,1675303594
328,arman,59.7,150.1667,16.02,89,98,4.88,RU,1675303595
329,coos bay,43.3665,-124.2179,48.24,90,0,12.66,US,1675303423
330,khandbari,27.3747,87.2039,57.81,28,0,2.86,NP,1675303595
331,lipari,38.4674,14.954,46.27,52,71,2.8,IT,1675303595
332,ontario,34.0633,-117.6509,61.25,29,20,5.75,US,1675303551
333,garavuti,37.5672,68.4469,48.85,72,100,3.06,TJ,1675303596
334,jinzhou,41.1078,121.1417,23.14,27,83,4.76,CN,1675303596
335,teguldet,57.3064,88.1667,-16.1,100,100,2.15,RU,1675303597
336,takoradi,4.8845,-1.7554,78.08,91,0,5.37,GH,1675303387
337,grindavik,63.8424,-22.4338,36.07,80,100,35.68,IS,1675303597
338,masallatah,32.6167,14.0,50.65,76,59,7.11,LY,1675303597
339,garza garcia,25.6667,-100.4,40.77,67,14,2.66,MX,1675303598
340,rincon,32.296,-81.2354,67.96,84,0,0.0,US,1675303598
341,barcelona,41.3888,2.159,50.54,64,0,13.8,ES,1675303447
342,rio grande,-32.035,-52.0986,74.46,83,1,10.29,BR,1675303599
343,saint-georges,12.0564,-61.7485,73.08,83,20,0.0,GD,1675303599
344,norman wells,65.282,-126.8329,-32.76,75,40,2.3,CA,1675303323
345,selenginsk,52.0064,106.8647,-17.99,80,100,0.72,RU,1675303599
346,salalah,17.0151,54.0924,73.49,56,75,4.61,OM,1675303600
347,gerzat,45.8243,3.144,42.75,65,100,2.3,FR,1675303600
348,port macquarie,-31.4333,152.9167,84.88,58,3,16.49,AU,1675303600
349,khasan,42.4308,130.6434,19.51,51,0,17.27,RU,1675303601
350,kubrat,43.8,26.5,36.1,78,100,13.44,BG,1675303601
351,waingapu,-9.6567,120.2641,84.31,70,100,8.61,ID,1675303602
352,ritchie,-29.038,24.6028,72.91,63,30,12.19,ZA,1675303602
353,buraydah,26.326,43.975,54.68,50,0,5.39,SA,1675303602
354,mezen,65.8522,44.24,18.3,94,34,8.14,RU,1675303603
355,provideniya,64.3833,-173.3,24.91,80,75,11.18,RU,1675303603
356,filadelfia,39.9523,-75.1638,32.14,56,0,0.0,US,1675303504
357,vestmanna,62.1564,-7.1664,32.92,93,75,5.75,FO,1675303603
358,ofunato,39.0717,141.7167,34.02,58,5,18.59,JP,1675303604
359,brownsville,25.9018,-97.4975,41.09,97,100,10.36,US,1675303604
360,upernavik,72.7868,-56.1549,-18.06,93,73,3.87,GL,1675303604
361,kulhudhuffushi,6.6221,73.07,79.84,69,64,11.23,MV,1675303605
362,eureka,40.8021,-124.1637,52.99,78,16,3.8,US,1675303525
363,roswell,34.0232,-84.3616,52.09,87,100,5.75,US,1675303605
364,talaya,61.3833,152.75,-13.68,98,94,0.65,RU,1675303605
365,fengrun,39.8333,118.1167,27.46,30,96,2.89,CN,1675303606
366,swan hill,-35.3378,143.5544,71.62,32,3,17.29,AU,1675303606
367,pangoa,-12.1167,-73.0,67.55,99,84,1.39,PE,1675303606
368,goderich,43.7501,-81.7165,28.9,63,100,19.57,CA,1675303474
369,ufa,54.775,56.0375,-2.7,99,100,2.26,RU,1675303607
370,muros,42.7762,-9.0603,41.85,88,3,6.35,ES,1675303607
371,gejiu,23.306,103.1635,54.5,55,14,4.25,CN,1675303608
372,shiyan,32.6475,110.7781,38.25,29,100,5.35,CN,1675303608
373,yambio,4.5721,28.3955,73.29,50,59,2.8,SS,1675303608
374,tuatapere,-46.1333,167.6833,75.52,59,100,4.25,NZ,1675303609
375,abancay,-13.6339,-72.8814,58.26,89,97,2.95,PE,1675303609
376,taoudenni,22.6783,-3.9836,56.53,21,89,11.54,ML,1675303609
377,kaohsiung,22.6163,120.3133,73.35,64,20,5.75,TW,1675303610
378,kaseda,31.4167,130.3167,55.45,54,35,4.74,JP,1675303610
379,ha giang,22.8333,104.9833,66.97,69,43,1.25,VN,1675303610
380,pochutla,15.7432,-96.4661,72.59,74,4,4.5,MX,1675303611
381,lompoc,34.6391,-120.4579,55.54,77,0,5.99,US,1675303611
382,acapulco,16.8634,-99.8901,80.42,74,0,4.61,MX,1675303400
383,namwala,-15.7504,26.4384,63.81,98,100,2.19,ZM,1675303612
384,saldanha,-33.0117,17.9442,62.74,89,0,17.81,ZA,1675303612
385,ghanaur,30.3322,76.6072,48.36,63,7,9.37,IN,1675303612
386,marquette,46.5333,-87.6335,16.77,60,99,6.89,US,1675303362
387,bethel,41.3712,-73.414,30.76,52,0,1.99,US,1675303330
388,makakilo city,21.3469,-158.0858,80.35,69,40,9.22,US,1675303613
389,salzwedel,52.85,11.15,43.02,90,100,22.24,DE,1675303613
390,zeya,53.75,127.2667,-5.3,77,46,1.3,RU,1675303613
391,sanand,22.9833,72.3833,57.42,32,45,9.98,IN,1675303614
392,hovd,48.0056,91.6419,-0.13,76,75,2.08,MN,1675303614
393,zadar,44.1197,15.2422,41.61,93,75,2.3,HR,1675303614
394,geraldton,-28.7667,114.6,97.21,23,0,21.85,AU,1675303615
395,sharan,54.8167,54.0,11.35,87,100,3.85,RU,1675303615
396,zlobin,45.2924,14.6541,35.58,92,40,2.3,HR,1675303615
397,abu kamal,34.4506,40.9171,49.78,55,73,18.68,SY,1675303616
398,kenai,60.5544,-151.2583,30.09,93,100,4.61,US,1675303616
399,comodoro rivadavia,-45.8667,-67.5,67.26,55,63,8.14,AR,1675303616
400,kutum,14.2,24.6667,57.92,23,57,7.23,SD,1675303512
401,barranca,-10.75,-77.7667,71.67,79,100,5.55,PE,1675303617
402,lima,-12.0432,-77.0282,78.91,70,0,14.97,PE,1675303506
403,nanortalik,60.1432,-45.2371,19.92,79,99,9.95,GL,1675303617
404,kumbo,6.2,10.6667,61.88,31,1,3.04,CM,1675303617
405,beloslav,43.1833,27.7,39.42,88,100,8.05,BG,1675303618
406,margate,51.3813,1.3862,46.69,75,75,5.01,GB,1675303549
407,teguise,29.0605,-13.564,61.02,63,20,18.41,ES,1675303618
408,pittsburg,38.028,-121.8847,54.01,63,0,4.61,US,1675303515
409,banda aceh,5.5577,95.3222,80.49,75,90,5.66,ID,1675303619
410,nicoya,10.1483,-85.452,75.51,70,55,10.54,CR,1675303619
411,armizonskoye,55.9461,67.6736,3.18,91,71,5.66,RU,1675303619
412,khorramshahr,30.4397,48.1664,55.87,61,7,5.91,IR,1675303620
413,marsabit,2.3284,37.9899,67.17,59,0,12.66,KE,1675303620
414,moerai,-22.4333,-151.3333,80.17,75,52,12.15,PF,1675303620
415,reconquista,-29.15,-59.65,81.88,34,0,6.71,AR,1675303621
416,maryborough,-25.5333,152.7,88.9,63,59,4.47,AU,1675303621
417,esperance,-33.8667,121.9,64.51,70,99,11.56,AU,1675303621
418,tatawin,32.9297,10.4518,44.2,72,0,3.89,TN,1675303622
419,road town,18.4167,-64.6167,77.09,83,40,8.05,VG,1675303502
420,los llanos de aridane,28.6585,-17.9182,55.15,58,0,11.5,ES,1675303623
421,rasht,37.2808,49.5832,46.85,75,91,2.01,IR,1675303624
422,zaysan,47.4667,84.8667,2.01,87,21,3.4,KZ,1675303625
423,kihei,20.785,-156.4656,79.97,83,20,5.75,US,1675303625
424,hartford,41.7668,-72.7662,27.97,67,0,1.01,US,1675303587
425,sibut,5.718,19.0739,77.29,28,15,1.66,CF,1675303626
426,niesky,51.2924,14.8211,39.22,79,99,20.78,DE,1675303626
427,yenagoa,4.9247,6.2642,77.65,87,4,3.2,NG,1675303377
428,sembe,1.6481,14.5806,70.41,81,12,2.44,CG,1675303627
429,apartado,7.883,-76.6259,74.44,86,6,5.73,CO,1675303627
430,bahia honda,22.9036,-83.1592,73.44,83,2,7.96,CU,1675303628
431,faya,18.3851,42.4509,52.32,62,16,4.9,SA,1675303628
432,quelimane,-17.8786,36.8883,72.99,90,83,2.33,MZ,1675303629
433,constitucion,-35.3333,-72.4167,59.95,70,0,13.2,CL,1675303434
434,jaguarao,-32.5661,-53.3758,70.65,88,1,7.2,BR,1675303630
435,diapaga,12.0708,1.7889,75.83,16,57,7.2,BF,1675303630
436,marsh harbour,26.5412,-77.0636,75.22,73,23,3.83,BS,1675303550
437,richards bay,-28.783,32.0377,73.08,87,9,9.04,ZA,1675303632
438,dongzhen,22.3797,110.9389,73.35,58,54,3.53,CN,1675303633
439,guane,22.2025,-84.0875,71.49,84,0,4.41,CU,1675303634
440,awjilah,29.1081,21.2869,50.38,65,1,7.72,LY,1675303635
441,miles city,46.4083,-105.8406,29.37,69,0,9.22,US,1675303632
442,pitimbu,-7.4706,-34.8086,81.19,80,11,8.46,BR,1675303636
443,kidal,18.4411,1.4078,67.15,12,99,7.61,ML,1675303637
444,praia,14.9215,-23.5087,68.54,73,75,16.11,CV,1675303637
445,lujan,-34.5703,-59.105,76.01,76,100,1.99,AR,1675303638
446,guerrero negro,27.9769,-114.0611,57.88,58,0,10.27,MX,1675303639
447,kuzhener,56.8111,48.9128,8.37,88,99,7.58,RU,1675303639
448,emba,48.8264,58.1442,14.22,77,100,10.0,KZ,1675303640
449,bonney lake,47.1771,-122.1865,42.49,71,97,1.99,US,1675303640
450,bam,29.106,58.357,55.96,61,1,11.5,IR,1675303641
451,mpongwe,-13.5091,28.155,63.28,98,100,3.33,ZM,1675303641
452,zalari,53.5584,102.5065,-4.63,98,98,1.59,RU,1675303642
453,lahaina,20.8783,-156.6825,79.95,84,66,3.78,US,1675303422
454,mount gambier,-37.8333,140.7667,55.62,76,100,17.38,AU,1675303643
455,cobija,-11.0267,-68.7692,70.97,94,63,2.39,BO,1675303643
456,la palma,33.8464,-118.0467,62.92,41,20,6.91,US,1675303644
457,charters towers,-20.1,146.2667,93.47,34,43,9.84,AU,1675303644
458,skjervoy,70.0311,20.9714,12.2,67,48,4.47,NO,1675303645
459,gobabis,-22.45,18.9667,66.54,74,91,9.08,NA,1675303645
460,ust-kuyga,70.0167,135.6,-24.9,98,97,3.58,RU,1675303646
461,scarborough,54.2797,-0.4044,47.77,86,92,8.01,GB,1675303575
462,nara,34.6851,135.8049,44.49,39,100,10.04,JP,1675303541
463,clyde river,70.4692,-68.5914,-29.0,88,98,3.67,CA,1675303626
464,anadyr,64.75,177.4833,27.1,86,100,17.9,RU,1675303385
465,ugoofaaru,5.6667,73.0,80.06,67,94,9.26,MV,1675303647
466,fortuna,40.5982,-124.1573,52.72,65,0,0.0,US,1675303647
467,mayo,38.8876,-76.5119,35.13,64,0,5.75,US,1675303648
468,ambilobe,-13.2,49.05,74.26,94,100,1.77,MG,1675303648
469,kewanee,41.2456,-89.9248,24.48,68,100,8.9,US,1675303648
470,pafos,34.7667,32.4167,51.58,46,2,17.27,CY,1675303649
471,rio gallegos,-51.6226,-69.2181,57.74,55,100,6.11,AR,1675303649
472,svetlyy,54.675,20.1347,37.45,98,100,11.52,RU,1675303649
473,touros,-5.1989,-35.4608,80.01,73,100,10.78,BR,1675303650
474,kandava,57.0409,22.7747,30.6,93,96,2.46,LV,1675303650
475,sibolga,1.7427,98.7792,77.2,71,100,2.93,ID,1675303650
476,peterlee,54.7603,-1.3365,47.98,83,100,8.01,GB,1675303651
477,behshahr,36.6923,53.5526,46.0,73,0,6.17,IR,1675303651
478,bundaberg,-24.85,152.35,85.21,88,50,1.01,AU,1675303651
479,keffi,8.8486,7.8736,77.23,18,18,4.5,NG,1675303652
480,aklavik,68.2191,-135.0107,-28.43,100,62,6.73,CA,1675303652
481,micheweni,-4.9667,39.8333,78.49,80,100,5.59,TZ,1675303652
482,saint-pierre,-21.3393,55.4781,74.88,69,40,5.75,RE,1675303653
483,omsukchan,62.5333,155.8,-8.46,99,78,1.48,RU,1675303653
484,beipiao,41.7919,120.7792,18.68,30,6,2.93,CN,1675303654
485,marsa matruh,31.3525,27.2453,56.19,56,100,9.06,EG,1675303654
486,te anau,-45.4167,167.7167,69.28,85,100,6.49,NZ,1675303639
487,padang,-0.9492,100.3543,78.85,75,77,3.78,ID,1675303376
488,yarada,17.65,83.2667,74.12,58,65,6.91,IN,1675303654
489,coahuayana,18.7333,-103.6833,69.94,84,31,1.77,MX,1675303655
490,teplodar,46.5059,30.3252,27.73,88,75,5.14,UA,1675303655
491,fonte boa,-2.4959,-66.2662,74.46,96,100,2.28,BR,1675303655
492,youghal,51.95,-7.8506,49.21,100,100,15.59,IE,1675303656
493,seddon,-37.8068,144.8916,71.15,48,0,19.57,AU,1675303656
494,maluso,6.543,121.8753,86.09,73,92,3.87,PH,1675303656
495,ancud,-41.8697,-73.8203,54.18,79,64,4.59,CL,1675303657
496,college,64.8569,-147.8028,12.79,84,100,5.75,US,1675303657
497,zemio,5.0314,25.1361,69.01,74,8,2.17,CF,1675303658
498,kargasok,59.0556,80.8572,1.26,95,59,6.29,RU,1675303658
499,cimitarra,6.3142,-73.9497,75.49,76,28,3.18,CO,1675303658
500,roseburg,43.2165,-123.3417,48.31,55,0,0.0,US,1675303641
501,miri,4.4148,114.0089,82.17,70,63,2.77,MY,1675303659
502,wanning,18.8003,110.3967,73.38,87,99,7.7,CN,1675303659
503,havre,49.5833,0.3333,46.17,87,75,13.8,FR,1675303659
504,katsuura,35.1333,140.3,44.62,34,100,11.95,JP,1675303660
505,adolfo lopez mateos,28.4667,-107.3,43.93,61,2,11.45,MX,1675303660
506,grand gaube,-20.0064,57.6608,75.38,84,6,1.99,MU,1675303660
507,wewak,-3.5534,143.6268,85.73,59,100,2.57,PG,1675303661
508,boralday,43.3578,76.8594,15.66,92,40,2.24,KZ,1675303661
509,saint-leu,-21.15,55.2833,74.26,74,14,2.86,RE,1675303661
510,alcudia,39.8532,3.1214,42.37,72,0,7.85,ES,1675303662
511,grand forks,47.9417,-97.4337,-2.47,84,75,4.61,US,1675303662
512,jennings,38.7192,-90.2604,29.32,61,0,3.44,US,1675303397
513,amalapuram,16.5833,82.0167,70.65,75,90,4.52,IN,1675303662
514,bayangol,50.6977,103.4656,-3.33,91,69,1.79,RU,1675303663
515,luanda,-8.8368,13.2343,77.0,88,75,8.05,AO,1675303417
516,krasnoselkup,65.7,82.4667,0.27,99,88,8.57,RU,1675303430
517,woodward,36.4337,-99.3904,31.12,69,0,0.0,US,1675303428
518,shihezi,44.3,86.0333,1.74,94,37,3.27,CN,1675303663
519,carutapera,-1.195,-46.02,73.15,98,100,1.79,BR,1675303664
520,obera,-27.4871,-55.1199,75.45,58,41,3.09,AR,1675303664
521,samarai,-10.6167,150.6667,85.39,69,100,11.99,PG,1675303664
522,half moon bay,37.4636,-122.4286,54.91,59,20,3.44,US,1675303665
523,gamba,-2.65,10.0,76.1,89,47,3.76,GA,1675303665
524,kapoeta,4.7717,33.5903,80.13,35,72,6.64,SS,1675303665
525,kurmanayevka,52.5093,52.0675,2.39,95,14,3.2,RU,1675303666
526,ayan,56.45,138.1667,-7.38,61,100,8.93,RU,1675303666
527,sivaki,52.6333,126.75,-2.45,77,8,10.42,RU,1675303666
528,matamoros,25.5333,-103.25,69.91,37,75,5.75,MX,1675303667
529,gaoyou,32.7858,119.4278,38.16,52,81,11.61,CN,1675303667
530,maningrida,-12.0667,134.2667,89.42,61,83,10.38,AU,1675303667
531,souillac,-20.5167,57.5167,78.44,81,60,8.84,MU,1675303668
532,southampton,50.904,-1.4043,47.61,88,59,3.0,GB,1675303446
533,tautira,-17.7333,-149.15,82.33,71,45,19.39,PF,1675303668
534,nokaneng,-19.6667,22.2667,67.8,87,99,3.91,BW,1675303668
535,claveria,18.6074,121.0832,80.15,75,2,12.5,PH,1675303669
536,verkh-usugli,52.7,115.1667,-4.54,85,44,1.25,RU,1675303669
537,saint-augustin,51.226,-58.6502,-8.63,93,51,2.86,CA,1675303409
538,gizo,-8.103,156.8419,85.01,71,100,10.2,SB,1675303669
539,baghdad,33.3406,44.4009,52.39,58,4,12.3,IQ,1675303612
540,cananeia,-25.0147,-47.9267,75.67,90,89,4.03,BR,1675303670
